ID,Group,Time,complexity.b,complexity.f,AVD.b,AVD.f,MDS1.b,MDS1.f,Richness.b,Richness.f
EA1_1_20,SGE,2020,0.322252394,0.1504884,0.592589274,0.232930637,-0.227634771,-0.201174213,2094,222
EA1_1_21,SGE,2021,0.359427997,0.174670869,0.608597111,0.238378245,-0.11777204,0.070058843,2268,520
EA1_1_22,SGE,2022,0.354824018,0.158788326,0.626633288,0.371765533,0.0573175,-0.007383184,2340,439
EA1_1_23,SGE,2023,0.371649094,0.172799103,0.613363543,0.390597006,-0.073263338,-0.050514884,2627,763
EA1_2_20,SGE,2020,0.361783798,0.180899442,0.522949727,0.354773387,-0.109620506,-0.073736325,1578,674
EA1_2_21,SGE,2021,0.380179586,0.21746095,0.652765722,0.386465698,-0.181635719,-0.117681567,2399,772
EA1_2_22,SGE,2022,0.369857986,0.164598814,0.615085181,0.355191858,-0.106729195,-0.107556018,2417,718
EA1_2_23,SGE,2023,0.358227333,0.189011742,0.582293848,0.386246538,-0.049157781,-0.061194846,2411,811
EA1_3_20,SGE,2020,0.368428486,0.191836578,0.563255421,0.345492296,-0.131205266,-0.139645216,2560,703
EA1_3_21,SGE,2021,0.365151432,0.182381798,0.620381027,0.332848773,-0.155778096,-0.089252505,2429,823
EA1_3_22,SGE,2022,0.371464152,0.192124802,0.589901777,0.257498401,-0.055178823,-0.191038534,2376,590
EA1_3_23,SGE,2023,0.366729167,0.194275384,0.623624733,0.328791716,-0.074082185,-0.071465683,2549,833
EA1_4_20,SGE,2020,0.368548223,0.16784061,0.553063025,0.307614994,-0.089821951,-0.113362232,2464,767
EA1_4_21,SGE,2021,0.367401192,0.186913262,0.609559933,0.392996369,-0.142384203,-0.095374763,2489,889
EA1_4_22,SGE,2022,0.373408584,0.181362561,0.572738588,0.368557889,-0.050054183,-0.096765876,2311,836
EA1_4_23,SGE,2023,0.36410113,0.194309456,0.623387525,0.358326596,-0.08528324,-0.024118612,2533,788
EA1_5_20,SGE,2020,0.344551489,0.11525206,0.669424563,0.263430953,-0.323325336,0.002106324,2338,437
EA1_5_21,SGE,2021,0.332586928,0.20496829,0.661992715,0.2790913,-0.138129424,-0.084812463,2453,652
EA1_5_22,SGE,2022,0.286337018,0.279727142,0.724327309,0.40032026,-0.127864729,-0.139379007,2475,797
EA1_5_23,SGE,2023,0.35471856,0.205331834,0.683081495,0.252697541,-0.179638381,-0.19311141,2373,472
EC1_1_20,SGE,2020,0.371565771,0.270777615,0.500985031,0.248722845,-0.037862372,-0.099609584,2530,380
EC1_1_21,SGE,2021,0.371770028,0.268325465,0.527400713,0.244072901,-0.058328845,-0.107628415,2468,528
EC1_1_22,SGE,2022,0.378824722,0.280499483,0.602641524,0.343481936,-0.093328581,-0.028656899,2275,678
EC1_1_23,SGE,2023,0.374393359,0.254057761,0.542796842,0.32632417,-0.019631274,-0.023537962,2602,764
EC1_2_20,SGE,2020,0.364571543,0.288201619,0.532671636,0.35836519,-0.042392815,-0.02356444,2479,611
EC1_2_21,SGE,2021,0.360418337,0.27959223,0.540921977,0.321971687,-0.058233617,-0.061619474,2422,980
EC1_2_22,SGE,2022,0.349253093,0.310451849,0.570543747,0.329075827,-0.017733328,-0.095392494,2558,631
EC1_2_23,SGE,2023,0.361180904,0.320525255,0.59168992,0.364457424,-0.031948862,-0.056038549,2592,659
EC1_3_20,SGE,2020,0.3489294,0.271566776,0.534079821,0.29910925,0.011759878,-0.08905011,2632,621
EC1_3_21,SGE,2021,0.372177588,0.23603999,0.51739894,0.355082589,-0.04097521,-0.034222402,2461,719
EC1_3_22,SGE,2022,0.356995301,0.271181243,0.542673075,0.284599375,-0.008543686,-0.124304859,1899,549
EC1_3_23,SGE,2023,0.351560263,0.283401415,0.598516222,0.403206011,-0.054196551,-0.074554566,2525,535
EC1_4_20,SGE,2020,0.374122793,0.24459429,0.533616842,0.311538658,-0.029200419,-0.066321274,2499,774
EC1_4_21,SGE,2021,0.36633221,0.27204819,0.566961159,0.384569855,-0.091700558,-0.020827407,2505,976
EC1_4_22,SGE,2022,0.367717108,0.295452088,0.572519496,0.356987011,-0.057544053,-0.032853292,2018,613
EC1_4_23,SGE,2023,0.357813762,0.302245314,0.543840531,0.330149395,-0.001433721,-0.02683456,2506,684
EC1_5_20,SGE,2020,0.366136912,0.290365295,0.513281249,0.304569213,-0.010901481,-0.019073792,2491,748
EC1_5_21,SGE,2021,0.367521022,0.276140536,0.599109485,0.448225474,-0.129064209,-0.048522203,2507,870
EC1_5_22,SGE,2022,0.383777158,0.28749832,0.720697748,0.539797292,-0.176478361,-0.111986447,2550,586
EC1_5_23,SGE,2023,0.367923465,0.277323754,0.563371444,0.260605703,-0.031649625,-0.040233158,2452,574
ED1_1_20,SGE,2020,0.352793855,0.279482382,0.501521123,0.286770514,-0.00701165,-0.027165714,2547,655
ED1_1_21,SGE,2021,0.368523792,0.286488667,0.553643775,0.31520144,0.003441472,-0.003241267,2445,657
ED1_1_22,SGE,2022,0.338874332,0.28551549,0.558812813,0.37181123,0.007241641,-0.020868145,2527,501
ED1_1_23,SGE,2023,0.368769816,0.269344306,0.539813962,0.353688053,0.000562712,-0.030459669,2415,907
ED1_2_20,SGE,2020,0.343178618,0.243549591,0.602357762,0.31015563,0.045016718,0.013437349,2589,473
ED1_2_21,SGE,2021,0.354265268,0.254426354,0.573715364,0.34362683,-0.002345814,-0.024101736,2357,759
ED1_2_22,SGE,2022,0.362029748,0.290229144,0.608075449,0.36554833,0.022809079,-0.094904304,2596,565
ED1_2_23,SGE,2023,0.369373169,0.279204406,0.566750952,0.330460986,-0.007873861,-0.056954618,2651,640
ED1_3_20,SGE,2020,0.340748511,0.234968284,0.546897286,0.305963267,0.015041232,-0.044251622,2531,479
ED1_3_21,SGE,2021,0.357535464,0.297591355,0.526942726,0.3852849,-0.023394983,-0.057940409,2280,701
ED1_3_22,SGE,2022,0.362454611,0.262531236,0.557688805,0.353333973,-0.018756155,-0.206311602,2463,651
ED1_3_23,SGE,2023,0.368512246,0.262804151,0.561275818,0.331029073,-0.017422103,-0.046125577,2380,697
ED1_4_20,SGE,2020,0.338854069,0.29639147,0.554795566,0.393918089,0.007793639,-0.034262855,2487,557
ED1_4_21,SGE,2021,0.354453665,0.255610508,0.567292662,0.378478781,0.003795165,-0.000911719,2503,800
ED1_4_22,SGE,2022,0.362318438,0.283615435,0.539143582,0.341910048,-0.016859232,-0.062641237,2543,744
ED1_4_23,SGE,2023,0.364049818,0.301751554,0.551132055,0.33019752,-0.02122865,-0.037891279,2515,749
ED1_5_20,SGE,2020,0.345879204,0.197488217,0.520224842,0.325619677,-0.034718864,-0.072572008,2566,719
ED1_5_21,SGE,2021,0.345982983,0.252989092,0.596216413,0.355832768,-0.003017073,-0.02824038,2483,860
ED1_5_22,SGE,2022,0.360989708,0.278112248,0.632486438,0.416362065,-0.120317273,-0.075480577,2514,689
ED1_5_23,SGE,2023,0.365545789,0.268628256,0.553014661,0.294389164,-0.011491923,-0.034047751,2503,653
FA2_1_20,SGE,2020,0.338506437,0.110848953,0.612303741,0.359844098,-0.145675038,-0.013093494,2307,817
FA2_1_21,SGE,2021,0.363556299,0.136660556,0.635102282,0.423290319,-0.140641137,0.065216619,2157,904
FA2_1_22,SGE,2022,0.352927665,0.168441864,0.653243863,0.351573584,-0.068045635,0.015060692,2310,796
FA2_1_23,SGE,2023,0.359432216,0.206719873,0.554886956,0.288968104,-0.007451195,0.033733263,2521,727
FA2_2_20,SGE,2020,0.361973885,0.158006275,0.54295522,0.347376237,-0.104417878,0.051193657,2340,756
FA2_2_21,SGE,2021,0.328328432,0.179314379,0.639543996,0.376895462,-0.146498075,0.075348818,2248,893
FA2_2_22,SGE,2022,0.347835997,0.170759524,0.58752271,0.369417898,-0.053182577,0.002481532,2307,835
FA2_2_23,SGE,2023,0.332177891,0.117786291,0.627700392,0.316608529,0.006512797,0.0278615,2368,697
FA2_3_20,SGE,2020,0.318668904,0.135062383,0.617019547,0.367652807,-0.121839111,-0.04015014,2176,689
FA2_3_21,SGE,2021,0.32898316,0.195869623,0.676764003,0.415961585,-0.195237418,0.10146567,2345,530
FA2_3_22,SGE,2022,0.338163473,0.175851386,0.616212077,0.380549412,-0.040227694,0.03742983,2337,693
FA2_3_23,SGE,2023,0.359768134,0.162329445,0.636163648,0.423004588,-0.060795664,0.010219884,2383,756
FA2_4_20,SGE,2020,0.364084291,0.120785705,0.558298244,0.315345479,-0.067225004,-0.033089555,2329,779
FA2_4_21,SGE,2021,0.353634025,0.189815263,0.683539916,0.441542648,-0.144407158,0.025166897,2119,1166
FA2_4_22,SGE,2022,0.352912966,0.184739123,0.618031285,0.337388888,-0.03823087,0.056004143,2393,826
FA2_4_23,SGE,2023,0.346732688,0.198031775,0.658938871,0.404659994,-0.054929319,0.079939995,2556,752
FA2_5_20,SGE,2020,0.333944236,0.197062218,0.546028942,0.260106017,-0.102490461,0.019215726,2438,560
FA2_5_21,SGE,2021,0.355300354,0.220151678,0.631002094,0.404222812,-0.134030708,0.084574656,2330,761
FA2_5_22,SGE,2022,0.289168438,0.182739021,0.644628279,0.348098442,-0.067724429,-0.024583583,2475,802
FA2_5_23,SGE,2023,0.33160133,0.170560979,0.655057488,0.39432111,-0.04843417,0.015852446,2223,832
FC2_1_20,SGE,2020,0.371254563,0.309676904,0.516466976,0.319462328,0.011386702,0.070242729,2076,560
FC2_1_21,SGE,2021,0.345121395,0.312863749,0.587798382,0.409669475,0.03477325,0.085284521,2352,437
FC2_1_22,SGE,2022,0.366129414,0.321631976,0.526932696,0.349678708,-0.013905265,0.002857794,2410,725
FC2_1_23,SGE,2023,0.362016864,0.32521606,0.592393911,0.301681664,-0.00952932,0.054615007,2392,528
FC2_2_20,SGE,2020,0.362244107,0.326780787,0.562342247,0.330205548,-0.12745224,0.042167941,2340,773
FC2_2_21,SGE,2021,0.361367237,0.302565346,0.547869909,0.339182666,0.00240684,0.125965183,2168,689
FC2_2_22,SGE,2022,0.348143375,0.334195225,0.538987782,0.344951191,0.022884928,0.039716849,2345,574
FC2_2_23,SGE,2023,0.362156307,0.315426048,0.572327912,0.337577009,-0.005643283,0.045723017,2284,664
FC2_3_20,SGE,2020,0.36136082,0.291523623,0.513519368,0.344882497,-0.006252787,0.077093732,2276,642
FC2_3_21,SGE,2021,0.353085259,0.317408796,0.549826963,0.377961477,0.016236214,0.079685714,2444,597
FC2_3_22,SGE,2022,0.344295894,0.276394109,0.567083952,0.426827352,0.02415928,0.060751801,2371,737
FC2_3_23,SGE,2023,0.345542674,0.305380949,0.568992348,0.383797995,-0.031928161,0.046950277,2249,615
FC2_4_20,SGE,2020,0.360708819,0.12529626,0.566345578,0.321092067,-0.006493365,-0.038213135,2399,569
FC2_4_21,SGE,2021,0.369865968,0.293908151,0.513928019,0.360700625,-0.050948916,0.036193228,2154,985
FC2_4_22,SGE,2022,0.364022572,0.322130963,0.555625549,0.32273684,-0.013357536,0.075836695,1918,600
FC2_4_23,SGE,2023,0.378436569,0.295269013,0.579661674,0.3320776,0.019903674,0.07581798,2435,677
FC2_5_20,SGE,2020,0.349555958,0.316895484,0.512350669,0.320279087,0.023622446,0.065186748,2241,560
FC2_5_21,SGE,2021,0.344875463,0.311429476,0.574227397,0.460715065,0.007039545,0.105806291,2280,752
FC2_5_22,SGE,2022,0.364654072,0.327505355,0.559777148,0.306667278,-0.016111545,0.071662571,2185,687
FC2_5_23,SGE,2023,0.360048326,0.308419702,0.566403907,0.334931751,-0.000640307,0.030178535,2325,665
FD2_1_20,SGE,2020,0.349498158,0.285261782,0.512800473,0.32609244,0.005852921,0.076292916,2419,523
FD2_1_21,SGE,2021,0.354174659,0.308767045,0.546648424,0.418900653,0.017763972,0.021256349,2198,533
FD2_1_22,SGE,2022,0.34969934,0.281019672,0.558556125,0.415876496,0.043866105,0.007714736,2270,543
FD2_1_23,SGE,2023,0.362156789,0.293129359,0.564484707,0.280265141,0.018588406,0.062437823,2296,477
FD2_2_20,SGE,2020,0.352247778,0.248510595,0.528613325,0.374605401,0.002582771,0.054531744,2260,686
FD2_2_21,SGE,2021,0.348627254,0.298570508,0.557855187,0.387371784,0.020156974,0.089009173,2429,639
FD2_2_22,SGE,2022,0.360005534,0.272815767,0.530337853,0.344166133,0.016879802,0.050888026,2401,656
FD2_2_23,SGE,2023,0.357561277,0.257122994,0.555926437,0.305870009,0.016476468,0.038282784,2293,569
FD2_3_20,SGE,2020,0.36239187,0.229387338,0.541164126,0.357895906,0.028362482,0.052241062,2490,608
FD2_3_21,SGE,2021,0.360679744,0.267772395,0.545261437,0.414990626,0.015126501,0.045969417,2456,785
FD2_3_22,SGE,2022,0.377724551,0.300147869,0.577888093,0.450400003,0.063651968,0.031294838,2273,576
FD2_3_23,SGE,2023,0.338930509,0.274448736,0.575955678,0.364874301,-0.002649763,0.043662437,2351,759
FD2_4_20,SGE,2020,0.374915074,0.307432113,0.587380048,0.368300919,0.023842985,-0.014741292,2331,561
FD2_4_21,SGE,2021,0.364253734,0.252296864,0.533960918,0.444532526,-0.02426561,-0.0007559,2392,810
FD2_4_22,SGE,2022,0.349545452,0.285297785,0.565359672,0.358982396,0.069415896,0.062410248,2524,575
FD2_4_23,SGE,2023,0.334548388,0.285077378,0.575705933,0.328308931,0.043792496,0.053957174,2408,679
FD2_5_20,SGE,2020,0.365611562,0.26907043,0.552771075,0.398072984,0.049086502,0.056038462,2520,437
FD2_5_21,SGE,2021,0.361230682,0.258648575,0.580085649,0.402134142,-0.019362063,0.070073859,2417,618
FD2_5_22,SGE,2022,0.366041874,0.285260403,0.548342767,0.339423306,0.011469153,0.049844604,2397,606
FD2_5_23,SGE,2023,0.361117765,0.26995766,0.56681977,0.356321454,0.044073358,0.030372243,2353,661
GA3_1_20,SGE,2020,0.363671742,0.161055044,0.623367649,0.408390713,-0.179099511,-0.255545575,2262,708
GA3_1_21,SGE,2021,0.357581817,0.256871932,0.642231542,0.422917106,-0.161665445,-0.17907438,2005,1053
GA3_1_22,SGE,2022,0.370780593,0.179527477,0.70565585,0.418767256,-0.152994279,-0.156410401,2163,803
GA3_1_23,SGE,2023,0.36086488,0.191017065,0.646032503,0.367323215,-0.083893269,-0.220327847,1976,628
GA3_2_20,SGE,2020,0.377055228,0.173997278,0.619282594,0.346043635,-0.147465643,-0.198048993,2333,723
GA3_2_21,SGE,2021,0.365543662,0.168166852,0.680641013,0.392524129,-0.17400014,-0.175455478,2324,1089
GA3_2_22,SGE,2022,0.360207764,0.164695228,0.625242674,0.416813595,-0.118243503,-0.130396803,2291,843
GA3_2_23,SGE,2023,0.363858698,0.157395593,0.656171014,0.419870373,-0.086849808,-0.122725734,2165,910
GA3_3_20,SGE,2020,0.356703679,0.162930527,0.566687606,0.38413668,-0.071170933,-0.192538645,2007,689
GA3_3_21,SGE,2021,0.364673643,0.175445099,0.690600476,0.362732346,-0.149182014,-0.162012821,2119,1101
GA3_3_22,SGE,2022,0.345639872,0.190545263,0.601332912,0.375624909,-0.046406576,-0.144994003,2086,740
GA3_3_23,SGE,2023,0.361686274,0.167835959,0.604094732,0.404408759,-0.038273333,-0.125184588,2189,761
GA3_4_20,SGE,2020,0.362329109,0.146940819,0.615407113,0.442976543,-0.09751432,-0.201011971,2383,666
GA3_4_21,SGE,2021,0.357420836,0.184247356,0.631109546,0.47884262,-0.110529839,-0.162428739,2450,1178
GA3_4_22,SGE,2022,0.357779107,0.204387135,0.61704475,0.395652639,-0.088740098,-0.163481309,2398,700
GA3_4_23,SGE,2023,0.364367714,0.219906994,0.616646779,0.363970228,0.044200982,-0.179179053,2290,697
GA3_5_20,SGE,2020,0.365333338,0.173824537,0.591147339,0.326414917,-0.150984225,-0.195563791,2264,601
GA3_5_21,SGE,2021,0.377886294,0.198713334,0.686174468,0.363332045,-0.210410836,-0.143437328,2351,1077
GA3_5_22,SGE,2022,0.350019794,0.166738646,0.641788119,0.408193221,-0.085612239,-0.130357161,2120,775
GA3_5_23,SGE,2023,0.359406011,0.223048804,0.610570775,0.372907892,-0.073257215,-0.122355503,2306,773
GC3_1_20,SGE,2020,0.352601059,0.29743283,0.580041314,0.371442201,-0.04338082,-0.190072935,2225,537
GC3_1_21,SGE,2021,0.35445197,0.292518933,0.675643421,0.340168907,-0.125386364,-0.324819077,2201,609
GC3_1_22,SGE,2022,0.372667648,0.305951387,0.610514825,0.358881292,-0.070009153,-0.163105688,2392,727
GC3_1_23,SGE,2023,0.36069909,0.287140501,0.615948602,0.421007255,0.025541972,-0.140587968,2308,442
GC3_2_20,SGE,2020,0.370015528,0.321586212,0.550024784,0.333096504,-0.013689245,-0.108940112,2258,685
GC3_2_21,SGE,2021,0.355892996,0.318709654,0.581805073,0.389572781,-0.082091849,-0.188233069,2203,1055
GC3_2_22,SGE,2022,0.360746103,0.315028388,0.549901451,0.394894169,-0.066179077,-0.153753497,2246,689
GC3_2_23,SGE,2023,0.359165621,0.318068596,0.603432531,0.423347587,0.001330877,-0.104381616,2464,904
GC3_3_20,SGE,2020,0.355692528,0.262100178,0.558633931,0.44549351,-0.041417208,-0.127428064,2209,516
GC3_3_21,SGE,2021,0.366620244,0.327215003,0.607711437,0.362526827,-0.116709935,-0.16281433,2348,1053
GC3_3_22,SGE,2022,0.365804005,0.301827205,0.621647249,0.353433008,-0.085937684,-0.160893362,2196,454
GC3_3_23,SGE,2023,0.355862811,0.297629046,0.670596186,0.370321582,-0.109426423,-0.128212049,2144,722
GC3_4_20,SGE,2020,0.349128045,0.130133944,0.622701396,0.425908589,-0.019947831,-0.188501742,2379,359
GC3_4_21,SGE,2021,0.348054974,0.31028946,0.553492775,0.355204194,-0.056248384,-0.139797713,2355,917
GC3_4_22,SGE,2022,0.359962676,0.32153516,0.5898094,0.392917109,-0.007599447,-0.184747407,2100,589
GC3_4_23,SGE,2023,0.358824117,0.323573683,0.609700798,0.370757688,-0.005788704,-0.20283263,2300,479
GC3_5_20,SGE,2020,0.359146783,0.195315201,0.517634096,0.34547286,-0.031100728,-0.105221311,2247,662
GC3_5_21,SGE,2021,0.362337203,0.194999272,0.570416634,0.356889389,-0.099052406,-0.112012001,2182,965
GC3_5_22,SGE,2022,0.359853126,0.323600431,0.594745016,0.319878044,-0.096674922,-0.225181962,2119,402
GC3_5_23,SGE,2023,0.375800507,0.293155431,0.583709711,0.33183657,-0.034371706,-0.148896077,2242,704
GD3_1_20,SGE,2020,0.350719233,0.279136719,0.580582734,0.429732187,0.03730823,-0.207676193,2338,397
GD3_1_21,SGE,2021,0.364166345,0.272321497,0.57692899,0.362964911,-0.023536708,-0.2466184,2326,618
GD3_1_22,SGE,2022,0.366749247,0.282894545,0.590474199,0.385362442,-0.035061064,-0.167984327,2256,628
GD3_1_23,SGE,2023,0.356938673,0.295610347,0.62880655,0.404500931,0.027538905,-0.157101449,2312,568
GD3_2_20,SGE,2020,0.346029239,0.184407766,0.61263399,0.402972446,0.047990015,-0.034321433,2100,398
GD3_2_21,SGE,2021,0.368900185,0.28784722,0.596952505,0.482091307,-0.028194407,-0.207520269,2409,920
GD3_2_22,SGE,2022,0.354011131,0.241876536,0.605496165,0.450923777,0.030299187,-0.172940388,2481,757
GD3_2_23,SGE,2023,0.354324362,0.251161743,0.600610304,0.426497175,-0.043506472,-0.114242236,2466,996
GD3_3_20,SGE,2020,0.342517684,0.209177601,0.577573859,0.36920779,-0.038801018,-0.141668309,2526,530
GD3_3_21,SGE,2021,0.353852331,0.280475064,0.605872924,0.415468162,-0.087602851,-0.147587112,2508,1071
GD3_3_22,SGE,2022,0.371716511,0.24559882,0.581452671,0.355609196,-0.050593326,-0.228446356,2403,325
GD3_3_23,SGE,2023,0.365011027,0.270513136,0.614193628,0.372642538,-0.050387956,-0.1324905,2496,763
GD3_4_20,SGE,2020,0.351122155,0.309286989,0.564676769,0.356626594,-0.040336406,-0.221964113,2356,529
GD3_4_21,SGE,2021,0.356747097,0.242207649,0.55166336,0.351258224,-0.053480353,-0.143465156,2426,835
GD3_4_22,SGE,2022,0.352932642,0.279858925,0.590402594,0.330335307,0.013917378,-0.217759074,2343,444
GD3_4_23,SGE,2023,0.363832714,0.27071972,0.60360764,0.374175973,0.034076598,-0.205736567,2443,499
GD3_5_20,SGE,2020,0.361152886,0.254045402,0.498627748,0.347279265,-0.054802441,-0.120856394,2464,669
GD3_5_21,SGE,2021,0.368502387,0.253305784,0.536421746,0.396364393,-0.074062612,-0.119207182,2442,938
GD3_5_22,SGE,2022,0.365309834,0.283292681,0.576625126,0.329347861,-0.031788995,-0.222180958,2404,562
GD3_5_23,SGE,2023,0.368502301,0.264315566,0.592541707,0.362792301,0.029308969,-0.120125106,2426,699
HA4_1_19,EDG,2019,0.462300034,0.397495054,0.955499039,0.242910427,0.297248718,0.42768922,2698,833
HA4_1_20,EDG,2020,0.567807279,0.364293185,0.609748099,0.308629361,-0.094602617,-0.185773021,2526,404
HA4_1_21,EDG,2021,0.592946905,0.384213864,0.64636166,0.323094147,-0.173358195,-0.173592822,2688,838
HA4_1_22,EDG,2022,0.605237658,0.400690449,0.637579239,0.414799603,-0.077977971,-0.150668351,2635,735
HA4_1_23,EDG,2023,0.603163529,0.375101245,0.660763993,0.433063263,0.053897086,-0.132414976,2460,725
HA4_2_19,EDG,2019,0.46871233,0.555988393,0.90575974,0.468011424,0.27511177,0.207011911,2177,1863
HA4_2_20,EDG,2020,0.586463767,0.383141562,0.71146701,0.235156184,-0.247910956,-0.448698757,2236,351
HA4_2_21,EDG,2021,0.600611618,0.383026019,0.814406704,0.382727691,-0.310166048,-0.223143653,2162,890
HA4_2_22,EDG,2022,0.608097045,0.388204679,0.624722048,0.339243169,-0.068190989,-0.198082797,2506,636
HA4_2_23,EDG,2023,0.602348935,0.367827468,0.655757449,0.294421693,-0.055640654,-0.206537402,2276,509
HA4_3_19,EDG,2019,0.509059774,0.558121722,0.91725604,0.490855243,0.283376833,0.205938646,2426,1986
HA4_3_20,EDG,2020,0.539780725,0.354739915,0.614781128,0.367229589,-0.18104026,-0.13951583,2269,734
HA4_3_21,EDG,2021,0.59201552,0.38514023,0.679355472,0.397598684,-0.177675221,-0.042345516,2473,1692
HA4_3_22,EDG,2022,0.574507479,0.402736874,0.622284075,0.413966434,-0.054224838,-0.083252795,2539,838
HA4_3_23,EDG,2023,0.604232401,0.352758018,0.660191186,0.39635946,-0.106808157,-0.151603616,2432,869
HA4_4_19,EDG,2019,0.492171896,0.575158848,0.966768818,0.488311939,0.225403387,0.206547778,2446,1908
HA4_4_20,EDG,2020,0.602158371,0.314208866,0.609513382,0.237065931,-0.138502156,-0.288676606,2567,388
HA4_4_21,EDG,2021,0.5848887,0.392969367,0.681533944,0.397460481,-0.182234394,-0.184666898,2551,984
HA4_4_22,EDG,2022,0.612235237,0.386619954,0.661462494,0.330830247,-0.11986007,-0.2722165,2466,577
HA4_4_23,EDG,2023,0.577131387,0.373160586,0.687178915,0.406746127,-0.076133727,-0.031875734,2573,956
HA4_5_19,EDG,2019,0.493407555,0.541976723,0.844709572,0.508887565,0.277990177,0.203556283,2404,2138
HA4_5_20,EDG,2020,0.565181831,0.387915101,0.849419079,0.397047171,-0.287448043,-0.185918273,2447,766
HA4_5_21,EDG,2021,0.59504933,0.403647985,0.685491562,0.388312051,-0.219044643,-0.108461811,2461,962
HA4_5_22,EDG,2022,0.601062234,0.387241325,0.701265646,0.413759994,-0.144687358,-0.151204705,2546,720
HA4_5_23,EDG,2023,0.578903264,0.369397824,0.734312817,0.441210258,-0.156935673,-0.099746484,2593,957
HC4_1_19,EDG,2019,0.509312271,0.520905286,0.79686932,0.394151991,0.310737153,0.237545917,2501,1752
HC4_1_20,EDG,2020,0.61306251,0.410226745,0.591226411,0.3371331,-0.120395597,0.065276445,2546,469
HC4_1_21,EDG,2021,0.609111209,0.434262984,0.542590903,0.348268518,-0.057366266,-0.14640517,2693,810
HC4_1_22,EDG,2022,0.607088486,0.362771409,0.549286821,0.393127737,-0.018693748,-0.114366973,2587,470
HC4_1_23,EDG,2023,0.615947036,0.371622141,0.578329352,0.39550882,-0.013554914,-0.110630866,2499,878
HC4_2_19,EDG,2019,0.502906276,0.472011927,0.755163814,0.458610497,0.289320651,0.209778994,2019,2072
HC4_2_20,EDG,2020,0.598479436,0.312038453,0.544997663,0.237989771,0.000890025,-0.315317283,2386,418
HC4_2_21,EDG,2021,0.621488849,0.391592685,0.568722389,0.269911019,-0.078215122,-0.169204231,2426,646
HC4_2_22,EDG,2022,0.603414612,0.427166399,0.561775361,0.318041176,-0.01002681,-0.159476156,2409,539
HC4_2_23,EDG,2023,0.612630666,0.383169631,0.598717238,0.28859646,-0.061028163,-0.176835794,2518,583
HC4_3_19,EDG,2019,0.465784554,0.476562487,0.753817596,0.466463986,0.281606787,0.209836953,2514,1921
HC4_3_20,EDG,2020,0.599136698,0.362252958,0.560148493,0.407977904,-0.097739875,-0.046297669,2568,800
HC4_3_21,EDG,2021,0.601606784,0.395134722,0.522059176,0.39948913,-0.053587215,-0.095327152,2541,941
HC4_3_22,EDG,2022,0.608873939,0.389450615,0.566234204,0.397092409,-0.015708001,-0.097569066,2537,607
HC4_3_23,EDG,2023,0.612471713,0.37267045,0.606499726,0.30488535,0.032493589,-0.264153036,2608,548
HC4_4_19,EDG,2019,0.469782109,0.517765462,0.734424967,0.482832783,0.285885271,0.218187978,2355,1842
HC4_4_20,EDG,2020,0.588237245,0.356914785,0.528530292,0.301228202,-0.005711551,-0.18407021,2348,608
HC4_4_21,EDG,2021,0.610141398,0.432017115,0.538193713,0.420220231,-0.045390892,-0.100750705,2452,1013
HC4_4_22,EDG,2022,0.604116437,0.423529021,0.59478376,0.385761108,-0.00898607,-0.102942874,2471,639
HC4_4_23,EDG,2023,0.601255098,0.366912404,0.581008928,0.344919522,-0.055043931,-0.007147388,2448,646
HC4_5_19,EDG,2019,0.481380127,0.478811819,0.709797016,0.451228708,0.274710155,0.216968162,2591,1785
HC4_5_20,EDG,2020,0.610459685,0.396709193,0.527515709,0.382544545,-0.024726616,-0.161691431,2518,835
HC4_5_21,EDG,2021,0.60358412,0.479383016,0.512791173,0.36929587,-0.043738974,-0.029491003,2505,1068
HC4_5_22,EDG,2022,0.609504026,0.403802718,0.564598541,0.407010191,0.015245523,-0.109338717,2413,747
HC4_5_23,EDG,2023,0.607991278,0.388951571,0.582794114,0.386566543,-0.013479551,-0.040659522,2606,776
HD4_1_19,EDG,2019,0.485863752,0.517323038,0.786576949,0.409047016,0.309269243,0.227750595,2472,1699
HD4_1_20,EDG,2020,0.600691867,0.422497777,0.585007919,0.411935206,-0.021058436,-0.070151324,2581,561
HD4_1_21,EDG,2021,0.610323408,0.422012598,0.562504139,0.392696428,-0.007430022,-0.109924988,2705,837
HD4_1_22,EDG,2022,0.579393963,0.329071118,0.618724339,0.408594077,0.040101295,-0.13554437,2594,390
HD4_1_23,EDG,2023,0.606291281,0.436281222,0.586943505,0.386034807,0.022952,-0.092048894,2797,730
HD4_2_19,EDG,2019,0.485873423,0.525134122,0.746107859,0.477096044,0.290624755,0.218239102,2270,2105
HD4_2_20,EDG,2020,0.613092658,0.409594597,0.545588055,0.295595109,-0.018323644,-0.176476901,2398,625
HD4_2_21,EDG,2021,0.616647734,0.378078473,0.554091296,0.303632722,-0.019500253,-0.112964392,2143,716
HD4_2_22,EDG,2022,0.560155819,0.407346889,0.589241613,0.407485847,0.023026576,-0.114355846,2306,496
HD4_2_23,EDG,2023,0.599642938,0.383884016,0.566362132,0.284235927,-0.024414688,-0.179077492,1965,568
HD4_3_19,EDG,2019,0.462157588,0.473077179,0.75412482,0.490247792,0.287728883,0.218151969,2301,1887
HD4_3_20,EDG,2020,0.565122321,0.331919845,0.512194331,0.396564704,0.002363332,-0.078111393,2368,709
HD4_3_21,EDG,2021,0.583372168,0.404110283,0.57280045,0.378231968,0.018658149,-0.078327704,2302,801
HD4_3_22,EDG,2022,0.601011325,0.415226688,0.536660632,0.391990089,0.007648136,-0.106889044,2201,555
HD4_3_23,EDG,2023,0.610003375,0.443855044,0.620394567,0.293254351,0.015383642,-0.113079261,2387,728
HD4_4_19,EDG,2019,0.454227948,0.522117211,0.721368934,0.520283083,0.286409217,0.227139288,1967,2392
HD4_4_20,EDG,2020,0.585443461,0.430719162,0.527347792,0.330008632,-0.008928398,-0.125812456,2037,660
HD4_4_21,EDG,2021,0.566945771,0.396808774,0.5755665,0.380574005,-0.011325751,-0.091866534,2320,671
HD4_4_22,EDG,2022,0.61288601,0.395929576,0.584132803,0.426879508,-0.008291361,-0.1418785,2405,496
HD4_4_23,EDG,2023,0.613889588,0.362702301,0.555780649,0.386669112,0.012318301,-0.020213718,2313,691
HD4_5_19,EDG,2019,0.518495419,0.484882964,0.768512462,0.474381231,0.254808413,0.218418451,2573,1745
HD4_5_20,EDG,2020,0.550147612,0.356303345,0.570856408,0.413512623,0.070963223,-0.105110823,2450,389
HD4_5_21,EDG,2021,0.607056071,0.455472427,0.508950585,0.355567441,-0.009432421,-0.022020128,2512,846
HD4_5_22,EDG,2022,0.600395481,0.426399747,0.613942525,0.387962619,0.011246601,-0.184773282,2427,567
HD4_5_23,EDG,2023,0.605657873,0.370363927,0.591426781,0.347418138,0.033581535,-0.033721997,2462,687
NA1_1_19,LGE,2019,0.348907107,0.322643079,0.823056527,0.441456921,0.300220995,0.317949633,2699,1421
NA1_1_20,LGE,2020,0.436728591,0.297216231,0.525801397,0.287955554,-0.066511431,-0.260119057,2677,276
NA1_1_21,LGE,2021,0.429220074,0.320581043,0.613900997,0.35936043,-0.123884446,-0.111465766,2635,882
NA1_1_22,LGE,2022,0.428249793,0.299088219,0.587060735,0.354468932,-0.034325371,-0.030402362,2655,678
NA1_1_23,LGE,2023,0.426576124,0.298416396,0.691405421,0.334199099,0.034455719,-0.059176553,2624,748
NA1_2_19,LGE,2019,0.354359651,0.324858848,0.838690225,0.70010643,0.2785624,0.206424859,2584,1405
NA1_2_20,LGE,2020,0.452128269,0.199417174,0.548727379,0.291353714,-0.08338162,-0.211375816,1938,434
NA1_2_21,LGE,2021,0.434859926,0.310240376,0.585570285,0.388880839,-0.12025134,-0.10635542,2590,907
NA1_2_22,LGE,2022,0.429631475,0.322480047,0.600346211,0.340018092,-0.074306358,-0.095714573,2372,846
NA1_2_23,LGE,2023,0.447507092,0.320722061,0.690336688,0.376325893,-0.093964756,-0.088620081,2599,898
NA1_3_19,LGE,2019,0.377372006,0.331339498,0.756283603,0.497625741,0.277705915,0.223459413,2724,1457
NA1_3_20,LGE,2020,0.440611062,0.347609676,0.566510705,0.362087107,-0.113980342,-0.072830593,2693,655
NA1_3_21,LGE,2021,0.418116824,0.286974076,0.625659194,0.318864573,-0.150806984,-0.118953082,2731,811
NA1_3_22,LGE,2022,0.437274512,0.316893699,0.590424337,0.350629472,-0.047005519,-0.079123098,2712,847
NA1_3_23,LGE,2023,0.43752769,0.304897943,0.659246947,0.346092571,-0.049635073,-0.076322258,2612,729
NA1_4_19,LGE,2019,0.336598472,0.336764705,0.830607338,0.736051801,0.309897802,0.246124229,2287,1613
NA1_4_20,LGE,2020,0.433965183,0.318750276,0.55034827,0.352817869,-0.082655942,-0.171210329,2415,514
NA1_4_21,LGE,2021,0.419545471,0.324797872,0.580751757,0.361969309,-0.105876576,-0.101129564,2421,975
NA1_4_22,LGE,2022,0.423883588,0.307197135,0.588597949,0.331843961,-0.053249026,-0.109229901,2385,692
NA1_4_23,LGE,2023,0.433299363,0.299736335,0.636087871,0.362733383,-0.059450018,-0.085878485,2520,851
NA1_5_19,LGE,2019,0.362332575,0.324945101,0.813454965,0.671676311,0.253002479,0.234514283,2366,1648
NA1_5_20,LGE,2020,0.431484802,0.315264971,0.558060225,0.333679727,-0.090028264,-0.144688337,2381,605
NA1_5_21,LGE,2021,0.438860341,0.304262267,0.615941354,0.343118095,-0.164026755,-0.055647524,2365,873
NA1_5_22,LGE,2022,0.441209652,0.32852363,0.529728992,0.39520711,-0.041658295,-0.054201599,2409,553
NA1_5_23,LGE,2023,0.430176699,0.324259804,0.584046135,0.367600718,-0.058352799,-0.058701308,2353,921
NA2_1_19,LGE,2019,0.317598173,0.356550571,0.827544638,0.570923018,0.282030823,0.269055477,2234,2617
NA2_1_20,LGE,2020,0.420514618,0.214958227,0.545342723,0.341282046,-0.045497864,0.104873257,2542,529
NA2_1_21,LGE,2021,0.432137876,0.24501804,0.614884968,0.326233224,-0.110566605,0.042025825,2418,803
NA2_1_22,LGE,2022,0.442301343,0.339152021,0.592877702,0.389444429,-0.06452562,0.048514429,2418,720
NA2_1_23,LGE,2023,0.446090945,0.299941968,0.639973018,0.318577019,-0.032937856,0.027081422,2381,778
NA2_2_19,LGE,2019,0.359079855,0.337873131,0.768355707,0.702659263,0.247379211,0.346443741,2610,3188
NA2_2_20,LGE,2020,0.443146322,0.317352314,0.578292318,0.35452367,-0.095294615,0.076102505,2559,766
NA2_2_21,LGE,2021,0.454910051,0.226079007,0.633659958,0.35810843,-0.133395615,0.034408038,2537,818
NA2_2_22,LGE,2022,0.438129794,0.35422627,0.6070722,0.343166313,-0.081067349,-0.016103093,2519,948
NA2_2_23,LGE,2023,0.460415903,0.270236712,0.630818646,0.386848827,-0.046713293,0.027791926,2416,890
NA2_3_19,LGE,2019,0.340089483,0.348573715,0.799847407,0.571576854,0.269284903,0.210790909,2440,1366
NA2_3_20,LGE,2020,0.454646411,0.234874641,0.607954262,0.334108604,-0.15552106,0.05730483,2423,577
NA2_3_21,LGE,2021,0.455163711,0.240490074,0.644007025,0.37411624,-0.121658113,0.06587168,2560,804
NA2_3_22,LGE,2022,0.455352889,0.254097819,0.587818031,0.39188164,-0.055011763,-0.007629703,2330,777
NA2_3_23,LGE,2023,0.439548398,0.290494154,0.621555957,0.315378501,-0.015417781,0.067023158,2553,733
NA2_4_19,LGE,2019,0.345091812,0.326116122,0.832674974,0.539336268,0.282096272,0.262413411,2547,1226
NA2_4_20,LGE,2020,0.433564589,0.32905347,0.531540764,0.33194698,-0.065392045,0.049768471,2449,799
NA2_4_21,LGE,2021,0.448824836,0.251548456,0.606263288,0.405126094,-0.121962438,0.080806727,2430,788
NA2_4_22,LGE,2022,0.440459718,0.29975549,0.630671565,0.361392022,-0.094325374,0.033956496,2309,765
NA2_4_23,LGE,2023,0.44159159,0.348514822,0.624227346,0.318684069,-0.01766116,0.055479526,2470,832
NA2_5_19,LGE,2019,0.359931492,0.346090974,0.785611951,0.484046167,0.271910377,0.246294726,2553,1343
NA2_5_20,LGE,2020,0.452860944,0.201589279,0.581804396,0.254783414,-0.092864755,0.084181681,2614,511
NA2_5_21,LGE,2021,0.435999723,0.223898293,0.611859449,0.419207456,-0.117205319,-0.007873857,2601,962
NA2_5_22,LGE,2022,0.425034789,0.267462534,0.600579711,0.335569156,-0.090975292,0.025073304,2568,714
NA2_5_23,LGE,2023,0.419262009,0.349592425,0.587392277,0.350064453,0.007688308,0.051565396,2442,872
NA3_1_19,LGE,2019,0.337356955,0.339938949,0.845925508,0.581020636,0.311408961,0.224190242,2314,1582
NA3_1_20,LGE,2020,0.422514808,0.314938769,0.595882946,0.319453515,-0.160785641,-0.202604225,2470,550
NA3_1_21,LGE,2021,0.415465211,0.306047687,0.654644609,0.388813278,-0.167254354,-0.174296664,2265,955
NA3_1_22,LGE,2022,0.423645227,0.319126318,0.588690276,0.371570061,-0.08904692,-0.132775052,2381,717
NA3_1_23,LGE,2023,0.425258388,0.30344396,0.613842317,0.3956611,-0.059160493,-0.136810398,2374,809
NA3_2_19,LGE,2019,0.320598036,0.343040889,0.774895627,0.468591506,0.277665913,0.220580288,2554,1340
NA3_2_20,LGE,2020,0.427946461,0.338485035,0.584165427,0.296219456,-0.125567411,-0.194393652,2442,649
NA3_2_21,LGE,2021,0.452353727,0.320865439,0.617235809,0.424151929,-0.145536237,-0.113392583,2483,984
NA3_2_22,LGE,2022,0.427306403,0.317807666,0.628848608,0.354387336,-0.088960219,-0.14433375,2484,753
NA3_2_23,LGE,2023,0.415918126,0.314749945,0.603176127,0.268932867,-0.017005389,-0.253863421,2525,735
NA3_3_19,LGE,2019,0.338518599,0.346852762,0.794302417,0.559734002,0.282449211,0.214892972,2426,1472
NA3_3_20,LGE,2020,0.430270308,0.31270764,0.54338597,0.290754522,-0.109166043,-0.186373498,2657,609
NA3_3_21,LGE,2021,0.433199242,0.315139964,0.630483761,0.371181759,-0.167075741,-0.151342741,2696,902
NA3_3_22,LGE,2022,0.426206609,0.308318278,0.600509456,0.394291088,-0.097101688,-0.127518712,2681,898
NA3_3_23,LGE,2023,0.425004303,0.315973759,0.615827781,0.401175647,-0.066212899,-0.115650832,2647,813
NA3_4_19,LGE,2019,0.365717697,0.352018152,0.805728671,0.492337816,0.275295462,0.211023975,2653,1525
NA3_4_20,LGE,2020,0.439356641,0.313236409,0.675096681,0.366906796,-0.21188253,-0.171295866,2601,797
NA3_4_21,LGE,2021,0.441369215,0.322696054,0.695579173,0.355824167,-0.210619819,-0.18929512,2406,834
NA3_4_22,LGE,2022,0.426034279,0.292311836,0.599800076,0.356383884,-0.055543498,-0.064827533,2604,845
NA3_4_23,LGE,2023,0.443158209,0.295104429,0.660616732,0.341252437,-0.130692457,-0.096333273,2447,910
NA3_5_19,LGE,2019,0.310753642,0.35375254,0.851575675,0.508030018,0.320368322,0.233498297,2597,1408
NA3_5_20,LGE,2020,0.428170713,0.331783516,0.644251501,0.344507516,-0.158879038,-0.196782113,2545,661
NA3_5_21,LGE,2021,0.428006703,0.311894134,0.65348464,0.360820984,-0.175519819,-0.132366818,2503,869
NA3_5_22,LGE,2022,0.428488384,0.313026943,0.6366364,0.388092516,-0.110083693,-0.158416245,2536,747
NA3_5_23,LGE,2023,0.434329056,0.304315614,0.602623999,0.376124702,-0.069460572,-0.130911921,2496,888
NC1_1_19,LGE,2019,0.30015763,0.308580094,0.761353197,0.481431572,0.301939669,0.231965754,2604,1441
NC1_1_20,LGE,2020,0.417874451,0.21348216,0.583735186,0.354327412,-0.131849581,-0.062110899,2563,611
NC1_1_21,LGE,2021,0.441840377,0.297503606,0.520934417,0.364594299,-0.050707432,-0.053118551,2577,1186
NC1_1_22,LGE,2022,0.417980476,0.342427422,0.541685335,0.386378303,-0.006106554,-0.048056277,2395,561
NC1_1_23,LGE,2023,0.432664228,0.326910327,0.61034495,0.365823639,0.01085668,-0.046537061,2465,826
NC1_2_19,LGE,2019,0.315081046,0.34547908,0.715106715,0.601413473,0.298593028,0.19715267,2406,1865
NC1_2_20,LGE,2020,0.430034419,0.302368221,0.536834434,0.322075204,-0.077202187,-0.101608118,2436,733
NC1_2_21,LGE,2021,0.42680923,0.32571059,0.548315265,0.335229412,-0.079932823,-0.06836004,2278,1059
NC1_2_22,LGE,2022,0.431134428,0.323475158,0.578007795,0.355496176,-0.077690865,-0.071023785,2401,576
NC1_2_23,LGE,2023,0.426591176,0.313906669,0.669157729,0.366897451,-0.083627898,-0.099855765,2346,803
NC1_3_19,LGE,2019,0.32064218,0.344544213,0.761102848,0.513358053,0.295488434,0.219160695,2488,2118
NC1_3_20,LGE,2020,0.424378027,0.271025687,0.529418875,0.334822575,-0.03501456,-0.018110771,2344,524
NC1_3_21,LGE,2021,0.424883364,0.291738758,0.548133371,0.323356675,-0.019426014,-0.004501683,2333,862
NC1_3_22,LGE,2022,0.430750308,0.337770476,0.534392296,0.387056056,-0.010785168,-0.070653818,2598,617
NC1_3_23,LGE,2023,0.427138845,0.292604732,0.562134505,0.302335556,-0.014446418,-0.041482912,2552,743
NC1_4_19,LGE,2019,0.279951113,0.315381849,0.745001432,0.707506006,0.313145768,0.19342678,2332,1269
NC1_4_20,LGE,2020,0.427136728,0.316713977,0.539496391,0.323017631,-0.027774666,-0.089520228,2671,548
NC1_4_21,LGE,2021,0.419143655,0.311780566,0.543083149,0.333261449,-0.046703579,-0.036093357,2313,757
NC1_4_22,LGE,2022,0.414167269,0.179503989,0.614357543,0.318477538,0.019838107,-0.024139138,2541,384
NC1_4_23,LGE,2023,0.425310511,0.310172374,0.571023737,0.327806582,-0.001563324,-0.047477249,2353,838
NC1_5_19,LGE,2019,0.308388067,0.340517162,0.724332597,0.56064511,0.305318354,0.203793121,2074,1758
NC1_5_20,LGE,2020,0.430114004,0.233486166,0.546815801,0.284595793,-0.033130711,-0.075388009,2095,603
NC1_5_21,LGE,2021,0.425485357,0.342831709,0.51479759,0.363918216,-0.045061972,-0.025249925,2509,910
NC1_5_22,LGE,2022,0.418645294,0.308947475,0.540582475,0.371294709,-0.032138691,-0.069388142,2096,603
NC1_5_23,LGE,2023,0.418265162,0.314955872,0.571380159,0.344444163,-0.017008599,-0.039315931,2435,876
NC2_1_19,LGE,2019,0.324634052,0.35506056,0.738149352,0.546488027,0.287578471,0.291038346,2349,2511
NC2_1_20,LGE,2020,0.389091161,0.228259511,0.524023468,0.341578224,0.002610843,0.08782398,2322,470
NC2_1_21,LGE,2021,0.428644274,0.260522836,0.539533162,0.332952597,0.001075678,0.074314597,2605,785
NC2_1_22,LGE,2022,0.429995267,0.249987441,0.553706207,0.344234799,-0.002227041,0.097721631,2360,562
NC2_1_23,LGE,2023,0.431561395,0.27660888,0.616351446,0.336653295,0.02503817,0.085388677,2357,662
NC2_2_19,LGE,2019,0.290266605,0.348326698,0.746252097,0.562761418,0.291357897,0.285404366,2523,2043
NC2_2_20,LGE,2020,0.385235948,0.24456835,0.56443241,0.369740548,0.011205427,0.061506373,2420,658
NC2_2_21,LGE,2021,0.433051638,0.214828037,0.572005867,0.337912294,-0.011807661,0.074811339,2469,617
NC2_2_22,LGE,2022,0.419336471,0.250540354,0.560997655,0.336604055,-0.0030778,0.102689818,2422,533
NC2_2_23,LGE,2023,0.431888516,0.248452792,0.601494848,0.292820595,0.039851892,0.108583243,2562,684
NC2_3_19,LGE,2019,0.285658488,0.338122064,0.694010874,0.497260639,0.29552917,0.317471344,2342,1028
NC2_3_20,LGE,2020,0.423356234,0.265725495,0.523633956,0.305739838,0.024648961,0.141321772,2217,645
NC2_3_21,LGE,2021,0.425402157,0.256830482,0.579631781,0.35931832,0.008073553,0.13467919,2418,696
NC2_3_22,LGE,2022,0.415314527,0.353088957,0.551827596,0.376545993,0.012993612,0.039532792,2288,577
NC2_3_23,LGE,2023,0.403909988,0.231725136,0.599873254,0.274618544,0.065395437,0.168078289,2296,423
NC2_4_19,LGE,2019,0.28308412,0.350530337,0.751989652,0.605667534,0.30151491,0.254444146,2436,1314
NC2_4_20,LGE,2020,0.415506192,0.250493846,0.540394137,0.343599087,0.038700241,0.113758924,2402,644
NC2_4_21,LGE,2021,0.405473545,0.252094101,0.56308418,0.323171908,0.04989951,0.146513883,2444,613
NC2_4_22,LGE,2022,0.409490044,0.242955618,0.549842333,0.2786155,0.013223643,0.115154657,2560,566
NC2_4_23,LGE,2023,0.431252573,0.259658611,0.5880099,0.305938406,0.020063352,0.081968502,2568,763
NC2_5_19,LGE,2019,0.295145347,0.343245843,0.750333928,0.483533644,0.30868579,0.269030745,2380,1102
NC2_5_20,LGE,2020,0.423427408,0.263544289,0.512019029,0.341756939,0.016656268,0.063994307,2334,701
NC2_5_21,LGE,2021,0.424452086,0.2397833,0.529209177,0.460433439,-0.022753573,0.01765057,2391,821
NC2_5_22,LGE,2022,0.418599102,0.2820339,0.527056658,0.388196707,0.012046324,0.029355925,1931,639
NC2_5_23,LGE,2023,0.404062665,0.257938513,0.567012335,0.278040609,0.042894958,0.076435366,2528,533
NC3_1_19,LGE,2019,0.310364647,0.343492078,0.825803775,0.522422235,0.313844881,0.234120394,2116,1371
NC3_1_20,LGE,2020,0.409071593,0.310844348,0.690867594,0.366958648,-0.162965397,-0.191793246,2209,688
NC3_1_21,LGE,2021,0.414622851,0.319127592,0.569464699,0.441371782,-0.056046622,-0.140525918,2300,918
NC3_1_22,LGE,2022,0.424485156,0.306330205,0.562933535,0.316458094,-0.023808464,-0.223240803,2196,533
NC3_1_23,LGE,2023,0.431554495,0.303349057,0.614296111,0.332223186,-0.04775105,-0.161589907,2278,701
NC3_2_19,LGE,2019,0.259698685,0.356010415,0.780935883,0.525747872,0.325599472,0.240993486,2351,1326
NC3_2_20,LGE,2020,0.414593116,0.283835773,0.590910399,0.307817015,-0.084821816,-0.23851336,2320,418
NC3_2_21,LGE,2021,0.426043873,0.133905891,0.547665136,0.465336369,-0.05916011,-0.207279894,2373,871
NC3_2_22,LGE,2022,0.434286793,0.314785959,0.554032768,0.334194993,-0.046187778,-0.146866509,2308,465
NC3_2_23,LGE,2023,0.42254442,0.306917776,0.598577195,0.407960192,-0.041935988,-0.124206751,2328,810
NC3_3_19,LGE,2019,0.306265022,0.365925675,0.758864629,0.48175387,0.316119401,0.22879171,2560,1533
NC3_3_20,LGE,2020,0.439889496,0.316265428,0.54500246,0.408045921,-0.049351332,-0.105216211,2651,707
NC3_3_21,LGE,2021,0.416338585,0.225398389,0.563278294,0.355655919,-0.103331704,-0.107000686,2626,831
NC3_3_22,LGE,2022,0.441803834,0.30323635,0.62424072,0.406821209,-0.124336071,-0.141520016,2657,589
NC3_3_23,LGE,2023,0.433224783,0.292182808,0.613902862,0.40370182,0.02116661,-0.116739789,2574,792
NC3_4_19,LGE,2019,0.315052877,0.352304305,0.751469286,0.445039903,0.284052267,0.239956604,2341,1303
NC3_4_20,LGE,2020,0.421524412,0.308012381,0.630899861,0.397159351,-0.114408662,-0.227410736,2471,637
NC3_4_21,LGE,2021,0.433955707,0.319037114,0.56495316,0.363994262,-0.119815712,-0.179828262,2171,991
NC3_4_22,LGE,2022,0.429814935,0.338513989,0.513408826,0.424693372,-0.023008104,-0.096571133,2510,680
NC3_4_23,LGE,2023,0.441805405,0.307402732,0.5715491,0.327281224,-0.030733675,-0.113628461,2340,861
NC3_5_19,LGE,2019,0.265772617,0.344347087,0.781813541,0.460996094,0.30987486,0.217065618,2482,1323
NC3_5_20,LGE,2020,0.422430969,0.338987978,0.576404009,0.426888955,-0.099111241,-0.144841548,2510,780
NC3_5_21,LGE,2021,0.428349563,0.304831725,0.565658883,0.323982011,-0.083400036,-0.151081464,2493,819
NC3_5_22,LGE,2022,0.429929957,0.306389613,0.552705649,0.299833909,-0.046211411,-0.241407095,2623,418
NC3_5_23,LGE,2023,0.418537229,0.307337329,0.634468787,0.353468381,-0.087462087,-0.14261711,2431,812
ND1_1_19,LGE,2019,0.30677814,0.318503218,0.75843849,0.477446931,0.282392324,0.29290792,2648,1176
ND1_1_20,LGE,2020,0.429967921,0.126539927,0.559969887,0.404801814,-0.01774573,0.005067311,2605,505
ND1_1_21,LGE,2021,0.417554997,0.292215064,0.538085667,0.355220947,-0.0436045,-0.053994462,2399,1033
ND1_1_22,LGE,2022,0.4336751,0.187789439,0.574564558,0.392236864,-0.003528502,-0.048395324,2594,412
ND1_1_23,LGE,2023,0.423359147,0.333481489,0.586413754,0.351953178,0.023837147,-0.048383412,2596,752
ND1_2_19,LGE,2019,0.319634128,0.336098327,0.69870855,0.503877421,0.294007308,0.222729439,2428,1622
ND1_2_20,LGE,2020,0.4346561,0.304284403,0.516396311,0.413172344,-0.043037315,-0.090021706,2492,763
ND1_2_21,LGE,2021,0.429913313,0.317187364,0.532431419,0.35493846,-0.055095541,-0.072552013,2334,1151
ND1_2_22,LGE,2022,0.434663063,0.325987571,0.54054625,0.365382128,-0.026879003,-0.070190495,2510,698
ND1_2_23,LGE,2023,0.430032473,0.313033511,0.621449284,0.369779474,-0.00770912,-0.048798987,2233,863
ND1_3_19,LGE,2019,0.310033205,0.34117323,0.720729878,0.555035225,0.323195464,0.243174253,2515,2025
ND1_3_20,LGE,2020,0.424027099,0.305546098,0.539050862,0.3244729,-0.005363006,-0.051856605,2568,639
ND1_3_21,LGE,2021,0.427274415,0.321524579,0.577700666,0.350853566,0.009705888,-0.012231505,2488,838
ND1_3_22,LGE,2022,0.417206807,0.323842421,0.550697594,0.365909323,0.011890307,-0.083418058,2645,642
ND1_3_23,LGE,2023,0.426920272,0.353046795,0.543055158,0.315012011,0.001403619,-0.029673363,2215,792
ND1_4_19,LGE,2019,0.312324425,0.340977569,0.745923287,0.666299458,0.303947802,0.188237039,2085,1502
ND1_4_20,LGE,2020,0.406114232,0.164027047,0.565603319,0.347410096,-0.007469593,-0.051336495,2300,572
ND1_4_21,LGE,2021,0.429197677,0.327630487,0.557772793,0.340139876,-0.046733277,-0.051089638,2397,697
ND1_4_22,LGE,2022,0.426658875,0.29898984,0.571539161,0.262374223,-0.009606755,-0.198798692,2189,494
ND1_4_23,LGE,2023,0.419692312,0.333427124,0.608371077,0.359080838,0.057285167,-0.038120162,1900,798
ND1_5_19,LGE,2019,0.347248501,0.340398241,0.723087647,0.629653382,0.27737639,0.227282826,1987,1612
ND1_5_20,LGE,2020,0.403039138,0.123409996,0.635124051,0.35017192,0.030954342,0.010252677,2198,416
ND1_5_21,LGE,2021,0.427393375,0.301943357,0.562924957,0.359995459,0.006738638,-0.052002612,2304,795
ND1_5_22,LGE,2022,0.42341264,0.314820984,0.555011508,0.379881257,-0.021485244,-0.07030171,2110,681
ND1_5_23,LGE,2023,0.428719112,0.31082673,0.565102242,0.329800377,0.009113363,-0.041437556,2192,725
ND2_1_19,LGE,2019,0.303394003,0.333621374,0.715506272,0.384945227,0.27999939,0.274305249,2397,1032
ND2_1_20,LGE,2020,0.374666413,0.211674608,0.557501777,0.43274028,0.033547887,0.069915061,2300,380
ND2_1_21,LGE,2021,0.419759126,0.250580617,0.569626756,0.323758267,0.038133233,0.099031231,2056,568
ND2_1_22,LGE,2022,0.425331878,0.262039548,0.539616022,0.321374831,0.045148899,0.111024933,2362,491
ND2_1_23,LGE,2023,0.435076668,0.306076133,0.569163046,0.305933223,-0.005311498,0.062407922,2306,850
ND2_2_19,LGE,2019,0.300251168,0.335918649,0.743599927,0.420096029,0.28479702,0.307041343,2553,1520
ND2_2_20,LGE,2020,0.407407594,0.276172518,0.520891873,0.381522865,-0.013845609,-0.00409643,2395,677
ND2_2_21,LGE,2021,0.418671428,0.203752388,0.628491076,0.314311913,-0.026582733,0.056134018,2343,563
ND2_2_22,LGE,2022,0.429886731,0.253739392,0.553511866,0.295316109,0.018945335,0.044724856,2319,495
ND2_2_23,LGE,2023,0.407877158,0.275694823,0.593101727,0.293714796,0.071225939,0.087650192,2412,634
ND2_3_19,LGE,2019,0.293800226,0.347785314,0.695911976,0.485664554,0.294231785,0.288214068,2211,1058
ND2_3_20,LGE,2020,0.423764201,0.239387002,0.491384534,0.280426109,0.013402088,0.086488877,2155,631
ND2_3_21,LGE,2021,0.411003883,0.227440221,0.552331576,0.341248136,0.005762221,0.08249608,2326,604
ND2_3_22,LGE,2022,0.418548629,0.214868152,0.54764372,0.371447536,0.017899044,0.014316501,2290,483
ND2_3_23,LGE,2023,0.394226209,0.245681994,0.591458148,0.305307807,0.070694429,0.072065262,2181,558
ND2_4_19,LGE,2019,0.277177441,0.355489243,0.763998893,0.623791911,0.299240626,0.230172276,2415,1870
ND2_4_20,LGE,2020,0.436872954,0.251810397,0.504673187,0.314086577,0.024617251,0.12200247,2166,571
ND2_4_21,LGE,2021,0.438954598,0.259076325,0.551629155,0.381933424,-0.042180621,0.115349157,2336,621
ND2_4_22,LGE,2022,0.401273684,0.25830129,0.522704059,0.310995346,0.017029752,0.06293194,2575,621
ND2_4_23,LGE,2023,0.412469769,0.257543091,0.582135229,0.276393609,0.043535267,0.065220802,2476,696
ND2_5_19,LGE,2019,0.266863936,0.333968947,0.809066139,0.532089505,0.337789269,0.253211384,2225,1011
ND2_5_20,LGE,2020,0.395131714,0.227298145,0.547574279,0.358750342,0.043418903,0.104789762,2273,519
ND2_5_21,LGE,2021,0.427252913,0.196976655,0.549756711,0.428564704,-0.009139396,0.02006357,2369,669
ND2_5_22,LGE,2022,0.39413432,0.223929266,0.612450414,0.423422288,0.052605962,-0.04636689,2335,367
ND2_5_23,LGE,2023,0.429424157,0.295344879,0.560858133,0.286553068,0.027891423,0.072116182,2477,744
ND3_1_19,LGE,2019,0.278585255,0.354464061,0.760237703,0.530084902,0.304740985,0.244197559,2058,1290
ND3_1_20,LGE,2020,0.425899979,0.303742494,0.610160297,0.393924991,-0.127576266,-0.149510641,2287,756
ND3_1_21,LGE,2021,0.426757418,0.19828988,0.577793742,0.38320903,-0.028446674,-0.159414208,2150,679
ND3_1_22,LGE,2022,0.425686925,0.301608839,0.572823396,0.394358706,0.016866158,-0.178803992,2192,503
ND3_1_23,LGE,2023,0.421745177,0.293212035,0.591851549,0.349898487,-0.006598969,-0.154528415,1924,646
ND3_2_19,LGE,2019,0.339266579,0.36322175,0.723581484,0.488255932,0.286715952,0.230044232,2184,1569
ND3_2_20,LGE,2020,0.415967493,0.268691283,0.602913482,0.447503465,0.030482653,-0.200395359,2363,399
ND3_2_21,LGE,2021,0.424212945,0.127466253,0.576159108,0.481077863,-0.005427579,-0.12037055,2338,577
ND3_2_22,LGE,2022,0.423640365,0.314558227,0.57784684,0.402015133,-0.024627742,-0.121873882,2180,594
ND3_2_23,LGE,2023,0.415123848,0.313546547,0.58409889,0.419704109,-0.023562086,-0.112727279,2168,746
ND3_3_19,LGE,2019,0.308461915,0.338840602,0.780278288,0.477266184,0.317676743,0.226860038,2527,1230
ND3_3_20,LGE,2020,0.414890913,0.257543021,0.52049839,0.394304198,-0.044506011,-0.038121374,2666,633
ND3_3_21,LGE,2021,0.418033965,0.30956209,0.543784968,0.333665179,-0.020391561,-0.080740086,2532,686
ND3_3_22,LGE,2022,0.457775802,0.315888638,0.555588511,0.396572317,-0.049185014,-0.126608606,2414,605
ND3_3_23,LGE,2023,0.434788887,0.291367208,0.577462786,0.381282713,-0.066824331,-0.12661286,2547,909
ND3_4_19,LGE,2019,0.344924561,0.349734295,0.760621238,0.485279255,0.280660028,0.216242709,2353,1256
ND3_4_20,LGE,2020,0.437885317,0.31878066,0.652808347,0.358436689,-0.192964796,-0.222028272,2285,633
ND3_4_21,LGE,2021,0.42423643,0.319706346,0.531040813,0.399019743,-0.054091312,-0.082341115,2214,857
ND3_4_22,LGE,2022,0.398805842,0.35014535,0.526072822,0.453246581,0.009930325,-0.050696818,2402,471
ND3_4_23,LGE,2023,0.422639193,0.311627518,0.59392544,0.318368218,-0.025169006,-0.140778593,2506,812
ND3_5_19,LGE,2019,0.277506308,0.355594203,0.84242691,0.467762232,0.347284258,0.233663102,2447,1184
ND3_5_20,LGE,2020,0.416231513,0.314299317,0.574418188,0.485921881,-0.074386095,-0.162079791,2500,707
ND3_5_21,LGE,2021,0.426224852,0.183071681,0.553264721,0.347459616,-0.039384125,-0.144608595,2431,867
ND3_5_22,LGE,2022,0.4249294,0.279754726,0.602813467,0.369633337,0.01717049,-0.190007262,2603,414
ND3_5_23,LGE,2023,0.424442053,0.306366392,0.601033225,0.366314754,-0.014266448,-0.15430385,2475,634
TA5_1_19,NDG,2019,0.439393552,0.512894747,0.806431886,0.410143349,0.19112509,0.218564195,2342,2257
TA5_1_20,NDG,2020,0.383973309,0.171398561,0.743508176,0.373318175,-0.175022607,0.053779708,2177,526
TA5_1_21,NDG,2021,0.468005626,0.235665704,0.717672125,0.430454648,-0.280582407,-0.087925542,2336,814
TA5_1_22,NDG,2022,0.486435679,0.171930343,0.669167278,0.349589505,-0.143485598,-0.140108267,2273,658
TA5_1_23,NDG,2023,0.453585131,0.193170939,0.6976981,0.348472344,-0.051038482,-0.005587784,2146,656
TA5_2_19,NDG,2019,0.459066725,0.510583376,0.798566145,0.408789385,0.171092652,0.228218432,1805,2195
TA5_2_20,NDG,2020,0.487358521,0.224657115,0.59434932,0.326399875,-0.09808004,-0.089927859,2236,741
TA5_2_21,NDG,2021,0.509340492,0.19219165,0.600257745,0.32554408,-0.093223941,0.113704444,1759,789
TA5_2_22,NDG,2022,0.469757595,0.17772696,0.626742216,0.328199313,-0.035755825,0.021726545,1737,595
TA5_2_23,NDG,2023,0.446342422,0.169391746,0.684925177,0.357565192,-0.150891742,-0.153629965,2045,607
TA5_3_19,NDG,2019,0.47346518,0.561542872,0.719612527,0.403623819,0.199760132,0.230019604,1947,2153
TA5_3_20,NDG,2020,0.413587405,0.172316449,0.672543981,0.321672028,-0.120199561,0.088242643,2396,538
TA5_3_21,NDG,2021,0.464585552,0.161962639,0.806654771,0.397175697,-0.237217159,-0.067327134,1772,690
TA5_3_22,NDG,2022,0.484142807,0.238099891,0.624342301,0.38862726,-0.00897905,-0.021522949,1891,364
TA5_3_23,NDG,2023,0.497551285,0.219222209,0.664785665,0.351763116,0.013709476,-0.083018113,1866,608
TA5_4_19,NDG,2019,0.432801416,0.507789858,0.752961297,0.436185542,0.173130566,0.229312187,2097,2154
TA5_4_20,NDG,2020,0.416110378,0.170495324,0.707454039,0.349168156,-0.141344899,0.111412725,1982,546
TA5_4_21,NDG,2021,0.418826775,0.176674573,0.775970313,0.428766252,-0.247295973,-0.15557134,1868,733
TA5_4_22,NDG,2022,0.515417849,0.204837539,0.598616793,0.305495137,-0.122454736,-0.122400551,2265,747
TA5_4_23,NDG,2023,0.447707534,0.167980332,0.800791567,0.358258177,-0.073943316,-0.035867709,1951,494
TA5_5_19,NDG,2019,0.465620561,0.506403786,0.805656397,0.407627063,0.145383999,0.218497224,2019,2171
TA5_5_20,NDG,2020,0.490984937,0.247695306,0.608699582,0.311202221,-0.193830721,0.089751276,1872,581
TA5_5_21,NDG,2021,0.419434289,0.264252895,0.68393493,0.391763019,-0.182847572,-0.154760617,2037,811
TA5_5_22,NDG,2022,0.489334264,0.131235266,0.594928823,0.31733498,-0.061888489,-0.221022409,1846,449
TA5_5_23,NDG,2023,0.430399442,0.230482577,0.665885747,0.38552443,-0.029640507,0.058368899,2072,587
TC5_1_19,NDG,2019,0.441235137,0.50363319,0.723682188,0.405687237,0.32565885,0.230913609,2276,2214
TC5_1_20,NDG,2020,0.503862625,0.237455338,0.600949309,0.275305349,0.010369347,0.064091559,2390,441
TC5_1_21,NDG,2021,0.498159776,0.162109282,0.594253575,0.34125096,-0.015949437,0.047539755,2383,621
TC5_1_22,NDG,2022,0.504684343,0.148004771,0.602147932,0.397444712,0.016435958,-0.064829976,2451,621
TC5_1_23,NDG,2023,0.498320473,0.215092731,0.634265366,0.311868929,0.004806769,0.127369511,2245,433
TC5_2_19,NDG,2019,0.447354423,0.518125165,0.723040103,0.414706666,0.292845372,0.221250494,1908,2168
TC5_2_20,NDG,2020,0.50788196,0.233158803,0.57658142,0.302212647,0.024857467,-0.017919505,2060,438
TC5_2_21,NDG,2021,0.527922362,0.231254615,0.58044662,0.312479353,-0.08537519,0.141844847,1779,477
TC5_2_22,NDG,2022,0.503371942,0.180109962,0.587485557,0.373259144,-0.101144484,0.068335916,1916,392
TC5_2_23,NDG,2023,0.520254509,0.191867088,0.68921983,0.34524924,-0.147047504,-0.1124